"Name","Gene","Sequence"
"Validated single neuron promoters (300 bp)","",""
"pADF","(WBGene00005359, srh-142)","tcactggtatatctaacattttttgttttcagggtgttatatacattataagatcagtagtatattaactttaaaccactgaatttcttctagttttttgtttccagctcaagtgctcctgtacgcaaaacattaggcttctttgttcaaaaaaacattttctcaccacctcatgacattttttttctcatttttcttattacgaatgtagccttattagcatatagcatagaggtacccaaaactagtttttttttgttttgaaatatatatttgcacctcttttttctttttgc"
"pADL #1","(WBGene00011644, T09B9.3)","gttttgtaatttaaatattaggttgaattgtttgactttaaactaaaaaagctttactgcgacttccgattgttttaattgaaataaaagaattattcatatctgtgagagtgaagaatagaaaagaacaggtggaaatcaaaatatcgaggatacaaaatcagctgccaaaaagcccgagaggccttgtgattttgccacaaaatactttataactttagtctcagtttgttgtcggtgcctttttcctaacttccatcaagtgtttttatatcaactaaaagccgaaatgaact"
"pADL #2","(WBGene00015996, C18H7.6)","tactggataattccatttttccttattcgctactttccctgaaacttcaaacgatttttttcctgcccacagaaacacatttcatgtcatgtgaaatttcaaatgtgatcagttcacgccacagtatcccctgccaatttctaatttgttttagcgagaaaacgagcaggtgaacgtaaaattcacctgcaaaattgagaaaaaaattaaaaaagcacctggtttcaacaagaccgattggtgaggttgacaactccgtcatttctacttttttcgtcagagagtcaacctgaaga"
"pAFD","(WBGene00001535, gcy-8)","tgtgaatagagttctcgtaaatcgacaatggagttttcaaaaaatacataacgatgagtaatccttgttatattttccattagagtaaattgatataaagaaaacagagttatatctgaagttgagaagcttaaaagatttatgactaccgtaagaatatccggatgagctgatacagatggctcatgaagtgacgcaacgggtttcatttcgtacatttttatcaactcatattcgatccacggtaactatcgtgagaagctgtaaaaggattttcgattctaccttttccacat"
"pAIY","(WBGene00016770, C49C8.6)","aaatcattcggtgcaaatttatgttcactataaaaggaagagcatggcattatatttcaggtttttcaaacaaattccaagcagatgtggttcgtcatttttcagatttaatcacgaggccttcaaataactgaagttcttcaaataacaattttgcatgttttggcaaaataactatggtaatttgagaatcattttttctgagctatttgcatattatctaaatttttccacatacatttcaaaaaagcattcactcatcagtgcccgaacaaaaaatcccaatacattcgaat"
"pASEL","(WBGene00001533, gcy-6)","cctagaaatgagaagtgcatcctaaacacatccgatgcatcccagacaattcgtaattttctttctgactaatgaagctgattaatacgcgtataggactgaacaaatatattatctctgacttgttcgtcgaagcccttcaacaagtttgctcatgattatgagccgcctggaatatatccgaaaactaataaaaactaaagaaaacaagatagaatattgtttttataacactttttgtatatattaaaacctcagaagactgcccacttattcattttcataactcctttcca"
"pASER","(WBGene00001532, gcy-5)","ttcattattaagcaaattcaagtataataacaactataaataagaccaccaaattttgaaatccggattaaaatgttatttttgaatagagaagtttgatgcagataccaacaagattaaaacttcaaacattaagcaagaagcccccaaatgcgtatggtttcaaagaaaaaggtgcaaaattgggaagataatctcgtttaagaaaagtttggaaatctattaagaccaacccccagaagtagtagaatttcaatttactatttattgttttcgaaaaattacttattctgatg"
"pASG #1","(WBGene00001537, gcy-11)","aaattggaaaaaaagacagaagaagagaaaaagaaacatttccatcacatcacaacagttgctttttctctctgaaaatgtgatatttgctgacgttggtaaaaactcatgactcagggggtaccggaaattgtggatagatagagtttgatgaagaattgaatataattaaaacaaaagtagatcaaaatcaaatttccgggaatttttgcaacaggaaattgcgggattaccacagtatgccagcccacaccttcccccttcaaaaccttcacttcattccacattccatgctt"
"pASG #2","(WBGene00001546, gcy-21)","taactattccagcaaaaaatgagttttgggtactgcatgggtactctatgggtgcagggttactgtatttatgcaatataagggtacaccgtacaaaaataaaattcaaattttcattttcgagttctcaatatacatttcatttccggtgatggtgggtgttgacgcatcaattttctaatttccggttccaagctcaacctaaagtcatgcctaattccgcactaatcctttgtaatttccggttatccgggaaaaaaccattgttctaaataaatttcattttcatattattc"
"pASH","(WBGene00009808, srm-4)","ataatattttcaaatgcgtaataacatctgattattattattatttgttttcgagccatttttcagcaataaatttttatcagttcctcatttcgggtaagttttttgttttaaattaaagttcgaaacactaaactttaaaacattcaacttgctgattatttgtctgctcttgtgattttgcacttaattttataatggtatgtatataaacataatagaatttacacgtaataagcagaatttatatcaaatagaatagcatttaacatctgtcataccaataatccataaca"
"pASI","(WBGene00077769, F33E2.10)","caaatctcttcccaaacaaaggttttcactgatgttttcacaatgtcacgtcttttttctgaatcacgttgtcatttttagcttctccttttgtttatcaaaagctcagacgccatttgtctccggcctctcccacactatttcgccaattatgaactatgaaactgctgatgaggattcccttgggtatggacccgtatctgcgcgtatccctggtacctctttggctccgcctcacacactctataagtttatcattttaactttcattcattcacaagtgtgattattccttt"
"pASJ","(WBGene00005757, srw-10)","attcgagaaaattcaaacttctggaatgtttgtggcgagagccatcgtaaaaattttttggcgggaaattcatattttctgagaaaaattttttggcaggaaattcaaattttctcctttattaatttggagccagtcggagcacgcgcttcgcgcgtgcgaacggctggttattcaatgatttcatatcagctgacaattaaatgtgatagacaagtctataattactggtctttatataatactagcctttgaaacgcctcgaaaacttgtgttttgccaatattcttcatttc"
"pASK","(WBGene00005033, sra-7)","aaatgaaatgtcggaaaagaaaatcattcgaatcaaatgcaccaggaaaaattaagttttagaagtgtttaaggtactttttctataattatttattataaaagatatagtcttcccttgtcatgacatgtggttaattctatgaaagtttgatagaattatgatattcacataaaacaaggttgtgatgtctggtgtttcacagtccgttgacttttgatgcaattcttggtagacatcctccgactatgttttagatgtcattttcaagttttgcagtttctcgaaatattaga"
"pAVG","(WBGene00009597, F40G12.2.1)","attgacttgacttggattggaaagatcaatggatgatataatttgctgaccctatcaaattccgacgaggttctatgggcatggtttctaatttcttttcaacttcaaaatatatctgacacgtccctaaaaacacatttgtcttgttgaaaaatagctctcagctcacacgaaccaccgaacgagaaaggaaattagcatttggccattcctcttcttccgtaaagtgcatctgttcgctcttttcccttgaaattcatttatttctcaactaacccagacgtttgctaacccga"
"pAVH","(WBGene00011327, hlh-34)","ccttttaccttcttctccatgccaatccactttcctcacatagtggtatcgcttgtccaacaatttccaacgatctaagctcatcgagaagctctcgactcctcattgcacatgctacaaaaatttgaaatagacaaagaggggagaattcaattgtatgtcatattgtgtaattagtttggctctcgaatggcatgatctgcatgctaattatatattatgagagcttgtacatattgggtcattcatttattttttatatgtattttatttgtcgcttgacttataaccacttg"
"pAVK","(WBGene00018002, twk-47)","gtgaatatttttagactggaataagttatattattttgaccattagtgtatttattgttagaccctactgaggaatacttttcatattgcttttattgattaaataacctatttttaactcttctcatccaaatcagttgctgcctaaacaaaacaaattgaacacaataacttaaacaaatatttctaaactaatacaattaccaaattattctggtttcataatttccatatgggactcattgaatgctacgcttttcatcatttttacacatttctatccgaatactatacgc"
"pAWA #1","(WBGene00003856, odr-10)","attggaataataaattcaatatattttcccaattctgaatttgtggatacaaacgtattatttttaactgaatacctcgtgaaatcagatttcagattttgaaaacaatatatctgactataagttgcgtatgtagacaaattccaggaaaataatggctcaaacgacacgcccctggcttcaagttactataaaataggttaggaacaaagcacatataaccatgtattcagtttaattaattttttgttggcggtggcatgaaattctcataatttcattaagataccttacag"
"pAWA #2","(WBGene00006109, str-44)","aaatgtaacatctttcattgttcataaaaatatacgtgttcgatagttgagtttcatgagtcaacaattagaactaagtcagaatgttttgaaatttttgaaataaaaagctacgattcaataactcctatcttgattttatgattttgacagaaccgtcatcattctcattactcattttattcttttcgtgtggaaatttcatgaaaaacaactacagaaaaaactacaaattttgttcttaaagtaacacaataaaagggaattcttagtgggattttagtcacacttccgag"
"pAWC-OFF","(WBGene00012770, srt-47)","actccaaaaaattgatgtttcgcgattatttcaaggcaactatacaaaatggtaattttaatacctttctcgatttaatttcgtcataactttgcttcgtcataaaaataagcttactcatcccccattctatacaaacttattttcaattgtttagctcttattcaactaaatcctattccccctattctccttaacattccttaaatatcaaactctaaaacaaatgatctattgacgtctgatctactgggtataaaaaccccttaattcctacctataacctctctttatca"
"pAWC-ON","(WBGene00016049, srt-28)","aaccgagatgtaccttttttcaaagtgcagaaagtgaatctaattaatttgaagccaaactttgatgcatcaaaaaaactgccaacaactgctgatcttacgatggactccaagaaaaacgtgacaatgtgtcgaaatctttgaaatctcgtttttgagtgagctctttcaaacaaaagcgaaagcttctactcattcaattttaaaagtttgaataatattaatagtattacgcaataatcccggattagactcactataaaaagtagtccaaagttagcagtagcacatcaaga"
"pBAG","(WBGene00001460, flp-17)","tttctcagaagcctctaagtttcccgtgctttcttgtcaaattgattaggaaatgattcggattttctgaatttttgaaagatttttcggttttttcagtgatttcaatcggaaattcggagccggaaatgcattaggaaggggctaatagctataaattgacacgggaaattcagatttttcattcatttttcacacattttctgttactttttctcaatgatttttttgtgtttccattttttttcctttaaaaaaattctgtgtggaaatattttccgcaaaactttattttt"
"pCAN","(WBGene00018348, F42C5.6)","attgctaaactttcaaaaattgtggatctttcgaggatattttaaaacagatactaaccataatcaaatagttgacaaagtcacttttatttccaatttcctgcacctaattttaaaagatccctttcaactatcaaaaacaaaaaaaaatgctcaacacaacgcgaaaatgtaaatttttagtgcatcaaaagaaaataaaagagccataactctgcaaattggctgaaattagattgaagtgaccgtctgctcgtgctctcaattgttcatagaaatgttctatcgatcgccat"
"pDVA","(WBGene00003750, nlp-12)","ttttttctttgactgttgaaatcgctatttttacccctctccctcccccatcactctttttctttaaatcctttcaccccattttcatcacttcatttggataaacgctatgaatctctctctcagtttttacgagcccatcaactccagaagctaaccaaaatggtaggggggaaaggcgtggtccccccggctccgttgggaaatatgacgaatctgtagtttactgatggggcggggggtggtataaaagcccgacacctcgactcggcgaaacttatttcaattgcctccga"
"pDVC","(WBGene00045215, ceh-63)","agtcatgaatcacaagaagcattttgttctgcaaattgataggctggaaaagagaacagaagcctacaatgaacaaatagatataattgtttgacgctggaatctttattaccgggtagggtaggatctgctacaattctacaattaacgacgtgttttccaacgacgctccatgctaattgcacagctcttttccatgtaatgtcccatcctgaaaagtcataaagtcgtttccttcaaattaaacatccaattgctctgagctttcattgcccctgttttgctcattgtgttgt"
"pMC","(WBGene00011262, pho-8)","tttttttccgtgggagtaaaatgttaactgataacaaaacttcatacaattaacagtctttcgactcctccccactttcactttctatttaaatccaactacaccgcacttttgctctattttggaacatactcgactcaatttcgacgacgtcaaaagaatcagaatttccgtcatcagatagcgtgcgattcttgtatgtaacctgatagacctgcatgagaactcgtccccttttttgcgacttttctgtccggtattcactttttcaattttttgcagagatttctagacga"
"pNSM","(WBGene00021848, nhr-239)","gcttcaaaatagcaaattctttccgattttccatagaaaatctattcgatcagagtgtcggttgctcaaaaattcaataaataattaatgcgccccgacttatgatgaagtaagcttcttctaaccttgtgattttgggaaaggtgggggactattctcatatttcaactagtactactactaccatctgacaccgaatacctttccaattagtgattctcaggtggtataaattggcgagctgcaatacggagatatgccttttatttttcggtttccggtgattttgctaattt"
"pOLQ","(WBGene00003841, ocr-4)","tcattatgctatttgccgattttctttcaggaaggtttacggtttgaataatggcacgaagatacatagatgtatttataatttaccgatggcttgattgcattgtaataaaccgtcaggaaagaaaaataacattttcccagaccctatatgctacatattactcagtgaaccatagaaatgtcaaatttccggttatgaggcataagtgagaataaaggtatgtgagcaccgtagtttcttatttacaatttcccatcgaagaaaaagtaaaatattctctgaatctaacttgt"
"pPVP","(WBGene00003840, ocr-3)","ttgagaaattgcattgtacgatgctgtttattcgaaatacacaacaccactttcaactgtttcaatttttgatgttttcagcaagaattctgaacgttctgaaaatgtattcctgttattttttaaacagctgctcatcaacactagcttgaatatttaattactaagcattttcccattaacttaatcctgacaaaacgaaaggcgaagtagcaattaatcctacatataagaccctaagttaattgaaatgcgtttctttgattttcattacttcctcattttactcttactaa"
"pPVQ","(WBGene00003755, nlp-17)","actttgatgtttcaaaagttttcctaatctatatgttttttcgcagcctattatctcaaaaacttattatttatttatttatctaggttattacgggaatggatgagggggtgacgtttttgagtttttgagtcgcacttaattagaaaagctatataataactctagatataattactcgactcacttaatagccttgatagctcgctataattgaaatataaatagtgagatgagccatttaaatcgacatttcgagacttttttctcgcgaaaaagtcaggctttttcacaga"
"pRIA","(WBGene00001614, glr-3)","ttttgtaatactgttattctctgacatacagaaaaataggaatttatgggctggtagaaatcaggtgcaattcaagaactcaaaatcaaaaattgttgatataacacaaatgcctgtaagtattctgatgggaatattaggtctttattttttgttcaaaaattaaccaaaaaaattaatacaaattgattttctaagaaaaccactctcctcatctgcgataattggtaatgacgcttcgcttgcttcatgtccgtttgctcacttgggtttagaatcttcaatatttgctatta"
"pRIC","(WBGene00009107, txt-10)","catttaaggttaattgttttatccgctcttttgcgaaaatagtattttctgtcaaattcacctacaaacactcccatcaagattcagaatatacccaaccaatcgttttccccctattctcgctgttatatttgtctaaatcgcaccaaaatattatttacggattcatcatttccatcatttgtataatttactagataattggatagaatgaaaaaattgatgtgtcaaatgcagattctttcatattactactcaacttcattcagattgctctattttcattgtccttccat"
"pRIM","(WBGene00009967, F53B7.4.1)","aataccaattatcttgcaagaatgattgtggaattaaaaaacatgatattctttcagtgaaatcgtgcaatcagccaatttcccagtttcactatcaattatcaaaatcgtttccgcatttttcaattatgtgttatatttaaaaataaagggtaaacgaacttgagtggggaattgaagatgatgtgcatccggaatgcattttctttccgaattgatgaaaaatattgaatctcaatgacttcttcacccaccttttcgttttcttgccatgcgtcttttattttttagatttc"
"Validated tissue-specific promoters (300 bp)","",""
"pCoelomocytes","(WBGene00020585, clec-178)","cttcatcaaacagatcatcttccaattcggctttttgagttggatgttcaagagttggtgtctttatttgttctcgttgttgttgctgatgtttctgctgatattgattgttattgaacgactcgaagaatccattatagaatcctttcgaaagatcttcatatcgagcattctcttcggcagtgagtggctgaaatgatagaaattgtttaaaatttatttgctgagaaatttgacaccatcatctctatgattgttttccattcaatcagcttcccccaatcattcctcaactc"
"pHMC","(WBGene00011913, glb-26)","tgatgtcaattcaacacgttcttcgaacaggtctgaatatgaagcacatactgctcgaactgcaattgcagctgaaattggaaccctgaaagaaaaataatcaacctaaaatcttcattctaaatgcgtaccaaaaatcggaaaaaggcgagccattttcttgctctttttccacttcttgatttgtttgtaatttcttgtcctttgccatgtgttatgcttcctgaaaattttccaatgagaagcagatttcgatatataggcgagtcatctcgcagaatttcgtgtgctcattc"
"pIntestinal-cells","(WBGene00001243, elo-5)","tttccaagtgaatcgttgcatgattcatgatttttttcggttacaagagctcctatactagattaagttttaaaattcttaaaacctgcaaaacatattcaagttcacatgaaaatcattcaaaatcatgtcatcggacgatcgtggcgtgagagctcattgaatgactgattatttgtgttcttatcagttcctttttatcaaaatttttcaaaaatgggaggagatttttctttcgcgattccatctaaaaaactataaaaccgttcaatttcaaaattccagactagaacctt"
"pPan-muscle","(WBGene00003369, mlc-1)","ggatgatctattccctttcccttattgcatcccctcatttatccgatcgagcaactttttcgatggcgggtaagaggcatcgcgacgcaagcaaggcgagagttttgcccatcttcttggaaacctccgacgggtgcctgatgttagcaccacgggggcggtgcgcctcttgtgtaaagttgttgagatttgctcaaacagccctcccctcgacgcgggcgccaacgagtgtaaaaggcagacaaaagcgacggataatcttcagttagtctcagttcactactcagtacagtcca"
"pPharyngeal-muscles","(WBGene00006583, tnc-2)","aatacttcaaaaatgccttcaactgtacccaccaatgctctatcagtttacctatctccgagcccccgagttctacttctatccggctgtatccctgcacagtgcctttttatgtctacatctcacacattttaacagtctgtctccaatatccaaacacatcccccgccgacgcattgtgtgctctcgttagagctcctcccgcgctgtaagccacttgagcagtttgtggattttccctctcttttcgcattttgtcgaagaaacttttcctcgtgtcgatcaggtcaatcatc"
"pUterine-muscles","(WBGene00000671, col-96)","cgtcaaagaaagtaaaacctcaaggtcgcgaaaatttcgcaacttttctgtcttttttctccggcaggccgttcccagaggaagcgccacaactaggaagttattacctcccgtcccattatcacaagaaccagatgatattcgttcagttctttcaattacgacgtgtggtgtcggtgggaaattgtcaaggactcaatcacaaaacttcctcttcctccttttggggaggtgttgtggttgtaaacagatggtataaaaggaggtttgaaactggtggaatggcatcttctgat"
